{"cameraMode":{"drawMode":0,"name":"Shaded","section":"Shading Mode"},"sceneLighting":false,"audioPlay":false,"sceneViewState":{"m_AlwaysRefresh":false,"showFog":false,"showSkybox":false,"showFlares":false,"showImageEffects":false,"showParticleSystems":false,"showVisualEffectGraphs":true,"m_FxEnabled":true},"in2DMode":false,"pivot":{"x":33.066307067871097,"y":-35.292362213134769,"z":0.8884669542312622},"rotation":{"x":0.46790415048599245,"y":0.24302713572978974,"z":-0.13555650413036347,"w":0.8388373851776123},"size":34.62733840942383,"orthographic":false}